Target,Commit count
com.google.javascript.jscomp.NodeUtil,170
com.google.javascript.jscomp.DefaultPassConfig,127
com.google.javascript.jscomp.Compiler,111
com.google.javascript.jscomp.TypedScopeCreator,108
com.google.javascript.jscomp.NewTypeInference,93
com.google.javascript.jscomp.TypeInference,84
com.google.javascript.rhino.Node,83
com.google.javascript.jscomp.CodeGenerator,77
com.google.javascript.jscomp.TypeCheck,76
com.google.javascript.jscomp.CommandLineRunner,72
com.google.javascript.rhino.jstype.JSType,65
com.google.javascript.jscomp.parsing.IRFactory,65
com.google.javascript.jscomp.GlobalTypeInfo,65
com.google.javascript.jscomp.DiagnosticGroups,61
com.google.javascript.jscomp.CompilerOptions,60
com.google.javascript.rhino.jstype.FunctionType,59
com.google.javascript.jscomp.parsing.parser.Parser,59
com.google.javascript.jscomp.AbstractCommandLineRunner,58
com.google.javascript.rhino.jstype.JSTypeRegistry,54
com.google.javascript.jscomp.newtypes.ObjectType,52
com.google.javascript.jscomp.parsing.JsDocInfoParser,46
com.google.javascript.jscomp.newtypes.JSType,46
com.google.javascript.jscomp.GlobalNamespace,44
com.google.javascript.jscomp.PeepholeFoldConstants,44
com.google.javascript.jscomp.AstValidator,43
com.google.javascript.jscomp.ProcessClosurePrimitives,41
com.google.javascript.jscomp.VarCheck,39
com.google.javascript.jscomp.Normalize,39
com.google.javascript.jscomp.ant.CompileTask,39
com.google.javascript.refactoring.ErrorToFixMapper,38
com.google.javascript.jscomp.Es6ToEs3Converter,35
com.google.javascript.jscomp.CollapseProperties,34
com.google.javascript.jscomp.newtypes.FunctionType,34
com.google.javascript.jscomp.ClosureRewriteModule,34
com.google.javascript.jscomp.FunctionTypeBuilder,33
com.google.javascript.jscomp.ScopedAliases,32
com.google.javascript.rhino.jstype.UnionType,31
com.google.javascript.refactoring.SuggestedFix,31
com.google.javascript.rhino.jstype.ObjectType,30
com.google.javascript.jscomp.CheckAccessControls,30
com.google.javascript.jscomp.newtypes.NominalType,30
com.google.javascript.jscomp.NodeTraversal,29
com.google.javascript.jscomp.AbstractCompiler,29
com.google.javascript.jscomp.RemoveUnusedVars,29
com.google.javascript.jscomp.SymbolTable,28
com.google.javascript.jscomp.TypeValidator,28
com.google.javascript.jscomp.parsing.NewIRFactory,28
com.google.javascript.jscomp.ReferenceCollectingCallback,27
com.google.javascript.jscomp.InlineFunctions,27
com.google.javascript.rhino.jstype.PrototypeObjectType,27
com.google.javascript.jscomp.PeepholeRemoveDeadCode,27
com.google.javascript.jscomp.Es6RewriteBlockScopedDeclaration,27
com.google.javascript.jscomp.DisambiguateProperties,26
com.google.javascript.rhino.jstype.ProxyObjectType,25
com.google.javascript.jscomp.PeepholeSubstituteAlternateSyntax,25
com.google.javascript.jscomp.newtypes.JSTypeCreatorFromJSDoc,24
com.google.javascript.jscomp.NameAnalyzer,23
com.google.javascript.jscomp.ProcessCommonJSModules,23
com.google.javascript.jscomp.TranspilationPasses,23
com.google.javascript.jscomp.ExpressionDecomposer,22
com.google.javascript.rhino.jstype.NamedType,22
com.google.javascript.jscomp.TypedCodeGenerator,21
com.google.javascript.jscomp.Es6RewriteModules,21
com.google.javascript.rhino.JSDocInfo,20
com.google.javascript.jscomp.PureFunctionIdentifier,20
com.google.javascript.jscomp.CodeConsumer,20
com.google.javascript.jscomp.Es6RewriteGenerators,20
com.google.javascript.jscomp.Es6ConvertSuper,20
com.google.javascript.jscomp.FunctionInjector,19
com.google.javascript.jscomp.InlineVariables,19
com.google.javascript.jscomp.CodePrinter,19
com.google.javascript.jscomp.FlowSensitiveInlineVariables,19
com.google.javascript.jscomp.CheckRequiresForConstructors,19
com.google.javascript.jscomp.OptimizeParameters,19
com.google.javascript.jscomp.parsing.parser.Scanner,19
com.google.javascript.jscomp.Es6RewriteDestructuring,19
com.google.javascript.jscomp.ConformanceRules,19
com.google.javascript.jscomp.CoalesceVariableNames,18
com.google.javascript.jscomp.AnalyzePrototypeProperties,18
com.google.javascript.jscomp.JsMessageVisitor,18
com.google.javascript.jscomp.PolymerClassRewriter,18
com.google.javascript.jscomp.SourceFile,17
com.google.javascript.rhino.JSDocInfoBuilder,17
com.google.javascript.jscomp.Es6ConvertSuperConstructorCalls,16
com.google.javascript.jscomp.Scope,15
com.google.javascript.jscomp.VariableReferenceCheck,15
com.google.javascript.jscomp.UnreachableCodeElimination,15
com.google.javascript.jscomp.parsing.ParserRunner,15
com.google.javascript.jscomp.MakeDeclaredNamesUnique,15
com.google.javascript.rhino.Token,15
com.google.javascript.jscomp.CompilerInput,15
com.google.javascript.rhino.jstype.UnionTypeBuilder,15
com.google.javascript.rhino.IR,15
com.google.javascript.jscomp.ClosureCheckModule,15
com.google.javascript.rhino.jstype.EnumElementType,14
com.google.javascript.jscomp.AmbiguateProperties,14
com.google.javascript.jscomp.ExternExportsPass,14
com.google.javascript.jscomp.SourceMap,14
com.google.javascript.jscomp.PolymerPass,14
com.google.javascript.jscomp.Linter,14
com.google.javascript.jscomp.AggressiveInlineAliases,14
com.google.javascript.jscomp.ClosureCodingConvention,13
com.google.javascript.jscomp.RenameVars,13
com.google.javascript.jscomp.CheckSuspiciousCode,13
com.google.javascript.jscomp.Es6TemplateLiterals,13
com.google.javascript.jscomp.CodingConvention,12
com.google.javascript.jscomp.FunctionArgumentInjector,12
com.google.javascript.rhino.jstype.ArrowType,12
com.google.javascript.jscomp.DefinitionsRemover,12
com.google.javascript.jscomp.deps.JsFileParser,12
com.google.javascript.rhino.jstype.TemplateTypeMap,12
com.google.javascript.jscomp.JSDocInfoPrinter,12
com.google.javascript.jscomp.CheckJSDoc,12
com.google.javascript.jscomp.RewriteAsyncFunctions,12
com.google.javascript.jscomp.Es6RewriteClass,12
com.google.javascript.jscomp.GlobalTypeInfoCollector,12
com.google.javascript.jscomp.RemoveUnusedCode,12
com.google.javascript.jscomp.MustBeReachingVariableDef,11
com.google.javascript.jscomp.OptimizeArgumentsArray,11
com.google.javascript.jscomp.PhaseOptimizer,11
com.google.javascript.jscomp.ControlFlowAnalysis,11
com.google.javascript.jscomp.CheckSideEffects,11
com.google.javascript.jscomp.CrossModuleCodeMotion,11
com.google.javascript.jscomp.StripCode,11
com.google.javascript.jscomp.PeepholeReplaceKnownMethods,11
com.google.javascript.jscomp.AngularPass,11
com.google.javascript.jscomp.PeepholeMinimizeConditions,11
com.google.javascript.jscomp.Es6RewriteArrowFunction,11
com.google.javascript.jscomp.newtypes.RawNominalType,11
com.google.javascript.jscomp.parsing.parser.FeatureSet,11
com.google.javascript.jscomp.AbstractScope,11
com.google.javascript.jscomp.CompilationLevel,10
com.google.javascript.jscomp.JSModuleGraph,10
com.google.javascript.jscomp.InferJSDocInfo,10
com.google.javascript.rhino.jstype.NoObjectType,10
com.google.javascript.rhino.jstype.RecordType,10
com.google.javascript.jscomp.DevirtualizePrototypeMethods,10
com.google.javascript.jscomp.RuntimeTypeCheck,10
com.google.javascript.jscomp.FunctionToBlockMutator,10
com.google.javascript.jscomp.ReplaceMessages,10
com.google.javascript.jscomp.InlineObjectLiterals,10
com.google.javascript.jscomp.RescopeGlobalSymbols,10
com.google.javascript.jscomp.parsing.parser.trees.ParseTree,10
com.google.javascript.jscomp.ProcessEs6Modules,10
com.google.javascript.jscomp.newtypes.JSTypes,10
com.google.javascript.jscomp.lint.CheckJSDocStyle,10
com.google.javascript.jscomp.NTIScope,10
com.google.javascript.jscomp.LintPassConfig,10
com.google.javascript.jscomp.AbstractCompilerRunner,9
com.google.javascript.rhino.jstype.InstanceObjectType,9
com.google.javascript.jscomp.AliasExternals,9
com.google.javascript.jscomp.StrictModeCheck,9
com.google.javascript.jscomp.FindExportableNodes,9
com.google.javascript.jscomp.CrossModuleMethodMotion,9
com.google.javascript.jscomp.LinkedFlowScope,9
com.google.javascript.jscomp.SimpleDefinitionFinder,9
com.google.javascript.jscomp.newtypes.FunctionTypeBuilder,9
com.google.javascript.jscomp.Es6SyntacticScopeCreator,9
com.google.javascript.jscomp.TypedScope,9
com.google.javascript.jscomp.PolymerClassDefinition,9
com.google.javascript.jscomp.CheckMissingAndExtraRequires,9
com.google.javascript.jscomp.FoldConstants,8
com.google.javascript.rhino.JSTypeExpression,8
com.google.javascript.jscomp.PassConfig,8
com.google.javascript.jscomp.TightenTypes,8
com.google.javascript.jscomp.parsing.Config,8
com.google.javascript.jscomp.Tracer,8
com.google.javascript.jscomp.SyntacticScopeCreator,8
com.google.javascript.jscomp.LiveVariablesAnalysis,8
com.google.javascript.jscomp.MinimizeExitPoints,8
com.google.javascript.jscomp.ExtractPrototypeMemberDeclarations,8
com.google.javascript.jscomp.FunctionRewriter,8
com.google.javascript.jscomp.ReplaceStrings,8
com.google.javascript.jscomp.Denormalize,8
com.google.javascript.jscomp.RenameProperties,8
com.google.javascript.jscomp.ProcessDefines,8
com.google.javascript.jscomp.type.ChainableReverseAbstractInterpreter,8
com.google.javascript.jscomp.InlineProperties,8
com.google.javascript.jscomp.MaybeReachingVariableUse,8
com.google.javascript.jscomp.type.SemanticReverseAbstractInterpreter,8
com.google.javascript.rhino.jstype.ModificationVisitor,8
com.google.javascript.jscomp.DeclaredGlobalExternsOnWindow,8
com.google.javascript.refactoring.ApplySuggestedFixes,8
com.google.javascript.refactoring.RefasterJsScanner,8
com.google.javascript.rhino.jstype.TemplatizedType,8
com.google.javascript.jscomp.DeadPropertyAssignmentElimination,8
com.google.javascript.jscomp.SanityCheck,7
com.google.javascript.jscomp.ComposeWarningsGuard,7
com.google.javascript.jscomp.LightweightMessageFormatter,7
com.google.javascript.jscomp.Instrumentation,7
com.google.javascript.jscomp.ExportTestFunctions,7
com.google.javascript.jscomp.CheckGlobalThis,7
com.google.javascript.jscomp.CheckMissingReturn,7
com.google.javascript.jscomp.CollapseVariableDeclarations,7
com.google.javascript.jscomp.CheckGlobalNames,7
com.google.debugging.sourcemap.SourceMapConsumerV3,7
com.google.javascript.jscomp.ExpandJqueryAliases,7
com.google.javascript.jscomp.RhinoErrorReporter,7
com.google.javascript.jscomp.InlineSimpleMethods,7
com.google.javascript.jscomp.ClosureRewriteClass,7
com.google.javascript.jscomp.newtypes.DeclaredFunctionType,7
com.google.javascript.jscomp.parsing.NewTypeSafeDispatcher,7
com.google.javascript.jscomp.parsing.parser.trees.ParseTreeType,7
com.google.javascript.jscomp.Es6ToEs3ClassSideInheritance,7
com.google.javascript.jscomp.parsing.TypeTransformationParser,7
com.google.javascript.jscomp.TypeTransformation,7
com.google.javascript.refactoring.RefactoringDriver,7
com.google.javascript.jscomp.InlineAliases,7
com.google.javascript.jscomp.J2clPropertyInlinerPass,7
com.google.javascript.jscomp.AbstractVar,7
com.google.javascript.jscomp.ModuleMetadata,7
com.google.javascript.jscomp.Es6ForOfConverter,7
com.google.javascript.jscomp.AstFactory,7
com.google.javascript.jscomp.AstAnalyzer,7
com.google.javascript.jscomp.InlineAndCollapseProperties,7
com.google.javascript.jscomp.DefaultCodingConvention,6
com.google.javascript.jscomp.GoogleCodingConvention,6
com.google.javascript.jscomp.JsAst,6
com.google.javascript.jscomp.GatherRawExports,6
com.google.javascript.rhino.jstype.AllType,6
com.google.javascript.rhino.jstype.UnknownType,6
com.google.javascript.jscomp.GenerateExports,6
com.google.javascript.jscomp.FunctionInformationMap,6
com.google.javascript.jscomp.DeadAssignmentsElimination,6
com.google.javascript.jscomp.OptimizeReturns,6
com.google.javascript.jscomp.PeepholeCollectPropertyAssignments,6
com.google.javascript.jscomp.AliasStrings,6
com.google.javascript.jscomp.CodingConventions,6
com.google.javascript.jscomp.Var,6
com.google.javascript.refactoring.FixingErrorManager,6
com.google.javascript.jscomp.lint.CheckRequiresAndProvidesSorted,6
com.google.javascript.jscomp.ConvertToTypedInterface,6
com.google.javascript.jscomp.gwt.client.GwtRunner,6
com.google.javascript.jscomp.ChromePass,6
com.google.javascript.jscomp.LateEs6ToEs3Converter,6
com.google.javascript.jscomp.ijs.ConvertToTypedInterface,6
com.google.javascript.jscomp.ijs.PotentialDeclaration,6
com.google.javascript.jscomp.gwt.client.JsfileParser,6
com.google.javascript.jscomp.GatherModuleMetadata,6
com.google.javascript.jscomp.CheckClosureImports,6
com.google.javascript.jscomp.MarkUntranspilableFeaturesAsRemoved,6
com.google.javascript.jscomp.ProcessClosureProvidesAndRequires,6
com.google.javascript.jscomp.IsolatePolyfills,6
com.google.javascript.jscomp.RewriteNullishCoalesceOperator,6
com.google.javascript.jscomp.serialization.TypedAstSerializer,6
com.google.javascript.jscomp.WarningLevel,5
com.google.javascript.jscomp.ConcreteType,5
com.google.javascript.rhino.jstype.EnumType,5
com.google.javascript.jscomp.TypeInferencePass,5
com.google.javascript.jscomp.CheckUnreachableCode,5
com.google.javascript.jscomp.PeepholeOptimizationsPass,5
com.google.javascript.jscomp.AliasKeywords,5
com.google.javascript.jscomp.PrepareAst,5
com.google.javascript.jscomp.AbstractPeepholeOptimization,5
com.google.javascript.jscomp.OptimizeCalls,5
com.google.javascript.rhino.TokenStream,5
com.google.javascript.jscomp.ShadowVariables,5
com.google.javascript.jscomp.UseSite,5
com.google.javascript.jscomp.RenameLabels,5
com.google.javascript.jscomp.SuppressDocWarningsGuard,5
org.mozilla.javascript.Parser,5
com.google.debugging.sourcemap.SourceMapGeneratorV3,5
com.google.javascript.jscomp.ReplaceIdGenerators,5
com.google.javascript.jscomp.fuzzing.Driver,5
com.google.javascript.jscomp.lint.CheckNullableReturn,5
com.google.javascript.refactoring.Matchers,5
com.google.javascript.jscomp.StatementFusion,5
com.google.javascript.jscomp.ConvertToDottedProperties,5
com.google.javascript.rhino.jstype.TemplateTypeMapReplacer,5
com.google.javascript.jscomp.RewritePolyfills,5
com.google.javascript.jscomp.PolymerPassStaticUtils,5
com.google.javascript.jscomp.J2clClinitPrunerPass,5
com.google.javascript.jscomp.J2clPass,5
com.google.javascript.jscomp.InvalidatingTypes,5
com.google.javascript.jscomp.FindModuleDependencies,5
com.google.javascript.jscomp.Es6RewriteRestAndSpread,5
com.google.javascript.jscomp.RewriteAsyncIteration,5
com.google.javascript.rhino.jstype.FunctionPrototypeType,4
com.google.javascript.jscomp.ReplaceCssNames,4
com.google.javascript.jscomp.graph.LinkedDirectedGraph,4
com.google.javascript.jscomp.NameReferenceGraphConstruction,4
com.google.javascript.jscomp.CheckRegExp,4
com.google.javascript.jscomp.deps.JsFileLineParser,4
com.google.javascript.rhino.jstype.FunctionBuilder,4
com.google.javascript.jscomp.PeepholeFoldWithTypes,4
com.google.javascript.jscomp.InlineCostEstimator,4
com.google.javascript.jscomp.PerformanceTracker,4
com.google.javascript.jscomp.ClosureCodeRemoval,4
com.google.javascript.jscomp.CreateSyntheticBlocks,4
com.google.javascript.rhino.jstype.JSTypeNative,4
com.google.javascript.rhino.jstype.NoType,4
com.google.javascript.jscomp.ProcessTweaks,4
com.google.javascript.rhino.jstype.NoResolvedType,4
com.google.javascript.rhino.jstype.TemplateType,4
com.google.javascript.rhino.jstype.VoidType,4
com.google.javascript.jscomp.JsMessage,4
com.google.javascript.jscomp.deps.DepsGenerator,4
com.google.javascript.jscomp.parsing.JsDocTokenStream,4
com.google.javascript.rhino.jstype.FunctionParamBuilder,4
com.google.javascript.jscomp.type.ClosureReverseAbstractInterpreter,4
com.google.javascript.jscomp.newtypes.Property,4
com.google.javascript.jscomp.parsing.parser.ParseTreeVisitor,4
com.google.javascript.jscomp.parsing.parser.codegeneration.ParseTreeTransformer,4
com.google.javascript.jscomp.ConstCheck,4
com.google.javascript.jscomp.newtypes.EnumType,4
com.google.javascript.jscomp.ES6ModuleLoader,4
com.google.javascript.refactoring.RefasterJs,4
com.google.javascript.jscomp.CompilerOptionsPreprocessor,4
com.google.javascript.jscomp.lint.CheckEnums,4
com.google.javascript.jscomp.ImplicitNullabilityCheck,4
com.google.javascript.jscomp.Es6TypedToEs6Converter,4
com.google.javascript.jscomp.TemplateAstMatcher,4
com.google.javascript.jscomp.SubstituteEs6Syntax,4
com.google.javascript.jscomp.ClosureOptimizePrimitives,4
com.google.javascript.jscomp.RemoveUnusedPolyfills,4
com.google.javascript.jscomp.PolymerBehaviorExtractor,4
com.google.javascript.jscomp.NameBasedDefinitionProvider,4
com.google.javascript.jscomp.transpile.BaseTranspiler,4
com.google.javascript.jscomp.CrossModuleReferenceCollector,4
com.google.javascript.jscomp.TypedVar,4
com.google.javascript.jscomp.Es6InjectRuntimeLibraries,4
com.google.javascript.jscomp.PassNames,4
com.google.javascript.jscomp.CheckMissingGetCssName,4
com.google.javascript.jscomp.modules.EsModuleProcessor,4
com.google.javascript.jscomp.ModuleImportResolver,4
com.google.javascript.jscomp.disambiguate.DisambiguateProperties2,4
com.google.javascript.jscomp.InjectTranspilationRuntimeLibraries,4
com.google.javascript.jscomp.OptionalChainRewriter,4
com.google.javascript.jscomp.serialization.TypedAstDeserializer,4
com.google.javascript.jscomp.serialization.ScriptNodeDeserializer,4
com.google.javascript.jscomp.CompilerRunner,3
com.google.javascript.jscomp.NodeIterators,3
com.google.javascript.rhino.jstype.RecordTypeBuilder,3
com.google.javascript.jscomp.ChainCalls,3
com.google.javascript.jscomp.MethodCompilerPass,3
com.google.javascript.jscomp.CombinedCompilerPass,3
com.google.javascript.jscomp.deps.SortedDependencies,3
com.google.javascript.jscomp.deps.DepsFileParser,3
com.google.javascript.jscomp.SideEffectsAnalysis,3
com.google.javascript.jscomp.RemoveUnusedPrototypeProperties,3
com.google.javascript.jscomp.SpecializeModule,3
com.google.javascript.jscomp.jsonml.Writer,3
com.google.javascript.jscomp.deps.JsFunctionParser,3
com.google.debugging.sourcemap.SourceMapLineDecoder,3
com.google.javascript.jscomp.DiagnosticType,3
com.google.javascript.jscomp.regex.CaseCanonicalize,3
com.google.javascript.jscomp.regex.RegExpTree,3
com.google.javascript.rhino.SourcePosition,3
com.google.javascript.jscomp.JSModule,3
com.google.debugging.sourcemap.Util,3
com.google.javascript.jscomp.CallGraph,3
com.google.javascript.jscomp.ControlFlowGraph,3
com.google.javascript.jscomp.ExploitAssigns,3
com.google.javascript.jscomp.InstrumentFunctions,3
com.google.javascript.jscomp.MarkNoSideEffectCalls,3
com.google.javascript.jscomp.TransformAMDToCJSModule,3
com.google.javascript.rhino.ErrorReporter,3
com.google.javascript.rhino.ScriptRuntime,3
com.google.javascript.jscomp.VariableMap,3
com.google.javascript.jscomp.CheckAccidentalSemicolon,3
com.google.javascript.jscomp.deps.SimpleDependencyInfo,3
org.mozilla.javascript.AttachJsDocs,3
com.google.javascript.jscomp.CheckEventfulObjectDisposal,3
com.google.javascript.jscomp.fuzzing.Fuzzer,3
com.google.javascript.jscomp.newtypes.DeclaredTypeRegistry,3
com.google.javascript.jscomp.parsing.parser.codegeneration.ParseTreeFactory,3
com.google.javascript.jscomp.parsing.parser.trees.FunctionDeclarationTree,3
com.google.javascript.jscomp.deps.ClosureBundler,3
com.google.javascript.jscomp.CheckUnusedPrivateProperties,3
com.google.javascript.jscomp.parsing.parser.util.format.SimpleFormat,3
com.google.javascript.jscomp.DependencyOptions,3
com.google.javascript.jscomp.CheckMissingSuper,3
com.google.javascript.jscomp.Es6SuperCheck,3
com.google.javascript.rhino.dtoa.DToA,3
com.google.javascript.jscomp.LineNumberCheck,3
com.google.javascript.jscomp.newtypes.Namespace,3
com.google.javascript.jscomp.Es6ExtractClasses,3
com.google.javascript.jscomp.J2clEqualitySameRewriterPass,3
com.google.javascript.jscomp.deps.ModuleNames,3
com.google.javascript.jscomp.PolymerPassSuppressBehaviors,3
com.google.javascript.rhino.ObjectTypeI,3
com.google.javascript.refactoring.CodeReplacement,3
com.google.javascript.jscomp.BranchCoverageInstrumentationCallback,3
com.google.javascript.jscomp.HoistVarsOutOfBlocks,3
com.google.javascript.jscomp.EarlyEs6ToEs3Converter,3
com.google.debugging.sourcemap.SourceMapObjectParserJs,3
com.google.javascript.jscomp.Es6NormalizeShorthandProperties,3
com.google.javascript.jscomp.Es6RewriteBlockScopedFunctionDeclaration,3
com.google.javascript.jscomp.Es7RewriteExponentialOperator,3
com.google.javascript.jscomp.Promises,3
com.google.javascript.jscomp.ModuleMetadataMap,3
com.google.javascript.jscomp.RewriteClosureImports,3
com.google.javascript.jscomp.modules.ClosureModuleProcessor,3
com.google.javascript.rhino.NonJSDocComment,3
com.google.javascript.jscomp.modules.ModuleMapCreator,3
com.google.javascript.rhino.jstype.EqualityChecker,3
com.google.javascript.jscomp.CrossChunkReferenceCollector,3
com.google.javascript.jscomp.Es6RewriteClassExtendsExpressions,3
com.google.javascript.jscomp.RewriteDynamicImports,3
com.google.javascript.jscomp.RewriteClassMembers,3
com.google.javascript.jscomp.ShowByPathWarningsGuard,2
com.google.javascript.jscomp.ControlStructureCheck,2
com.google.javascript.jscomp.SemanticReverseAbstractInterpreter,2
com.google.javascript.rhino.jstype.ValueType,2
com.google.javascript.jscomp.InlineGetters,2
com.google.javascript.jscomp.LocaleUtil,2
com.google.javascript.jscomp.Strings,2
com.google.javascript.jscomp.CheckPathsBetweenNodes,2
com.google.javascript.jscomp.RemoveConstantExpressions,2
com.google.javascript.jscomp.ParallelCompilerPass,2
com.google.javascript.jscomp.GatherSideEffectSubexpressionsCallback,2
com.google.javascript.rhino.jstype.ErrorFunctionType,2
com.google.javascript.jscomp.SuspiciousPropertiesCheck,2
com.google.javascript.rhino.jstype.UnresolvedTypeExpression,2
com.google.javascript.jscomp.parsing.Annotation,2
com.google.javascript.jscomp.FunctionInfo,2
com.google.javascript.jscomp.InstrumentationTemplate,2
com.google.javascript.jscomp.SourceInformationAnnotator,2
com.google.javascript.jscomp.NameReferenceGraph,2
com.google.javascript.jscomp.InstrumentationOrBuilder,2
com.google.javascript.jscomp.SimpleFunctionAliasAnalysis,2
com.google.javascript.jscomp.WarningsGuard,2
com.google.javascript.jscomp.RenamePrototypes,2
com.google.javascript.jscomp.FunctionSideEffectData,2
com.google.javascript.jscomp.MoveFunctionDeclarations,2
com.google.javascript.jscomp.jsonml.Reader,2
com.google.javascript.jscomp.VariableVisibilityAnalysis,2
com.google.debugging.sourcemap.SourceMapGeneratorV2,2
com.google.javascript.jscomp.DiagnosticGroup,2
com.google.javascript.jscomp.DiagnosticGroupWarningsGuard,2
com.google.javascript.jscomp.regex.CharRanges,2
com.google.debugging.sourcemap.SourceMapSection,2
com.google.javascript.jscomp.FieldCleanupPass,2
com.google.javascript.jscomp.NameAnonymousFunctions,2
com.google.javascript.jscomp.CleanupPasses,2
org.mozilla.javascript.CompilerEnvirons,2
com.google.javascript.jscomp.DataFlowAnalysis,2
com.google.javascript.jscomp.JsMessageDefinition,2
com.google.javascript.jscomp.JsMessageExtractor,2
com.google.javascript.jscomp.ReorderConstantExpression,2
com.google.javascript.jscomp.WhitelistWarningsGuard,2
com.google.javascript.jscomp.graph.GraphColoring,2
com.google.javascript.jscomp.RemoveUnusedClassProperties,2
org.mozilla.javascript.IRFactory,2
org.mozilla.javascript.Interpreter,2
org.mozilla.javascript.NativeArray,2
org.mozilla.javascript.NativeDate,2
org.mozilla.javascript.NativeGlobal,2
org.mozilla.javascript.NativeJSON,2
org.mozilla.javascript.NativeMath,2
org.mozilla.javascript.NativeString,2
org.mozilla.javascript.ScriptRuntime,2
org.mozilla.javascript.optimizer.Codegen,2
org.mozilla.javascript.optimizer.OptRuntime,2
com.google.javascript.jscomp.graph.Graph,2
org.mozilla.javascript.TokenStream,2
com.google.javascript.jscomp.fuzzing.ScopeManager,2
com.google.javascript.jscomp.fuzzing.IdentifierFuzzer,2
com.google.javascript.jscomp.parsing.parser.codegeneration.ParseTreeWriter,2
com.google.javascript.jscomp.parsing.parser.trees.ClassDeclarationTree,2
com.google.javascript.jscomp.parsing.parser.ParseTreeValidator,2
com.google.javascript.jscomp.InferConsts,2
com.google.javascript.jscomp.newtypes.QualifiedName,2
com.google.javascript.jscomp.parsing.parser.Keywords,2
com.google.javascript.jscomp.newtypes.PersistentMap,2
com.google.javascript.jscomp.newtypes.PersistentSet,2
com.google.javascript.jscomp.SourceMapInput,2
com.google.javascript.jscomp.parsing.TypeDeclarationsIRFactory,2
com.google.javascript.jscomp.type.FlowScope,2
com.google.javascript.jscomp.ConstParamCheck,2
com.google.javascript.jscomp.DefaultNameGenerator,2
com.google.javascript.jscomp.newtypes.NamespaceLit,2
com.google.javascript.jscomp.CoverageInstrumentationCallback,2
com.google.javascript.jscomp.CompilerExecutor,2
com.google.javascript.rhino.jstype.PropertyMap,2
com.google.javascript.jscomp.RemoveSuperMethodsPass,2
com.google.javascript.jscomp.newtypes.ObjectsBuilder,2
com.google.javascript.jscomp.Es6RenameVariablesInParamLists,2
com.google.javascript.jscomp.DefinitionUseSiteFinder,2
com.google.javascript.jscomp.CollapseAnonymousFunctions,2
com.google.javascript.jscomp.J2clConstantHoisterPass,2
com.google.javascript.jscomp.deps.BrowserModuleResolver,2
com.google.javascript.jscomp.deps.ModuleLoader,2
com.google.javascript.jscomp.deps.ModuleResolver,2
com.google.javascript.jscomp.deps.NodeModuleResolver,2
com.google.javascript.jscomp.DisambiguatePrivateProperties,2
com.google.javascript.jscomp.JsdocToEs6TypedConverter,2
com.google.javascript.jscomp.AstChangeProxy,2
com.google.javascript.jscomp.LazyParsedDependencyInfo,2
com.google.javascript.jscomp.IncrementalScopeCreator,2
com.google.javascript.jscomp.Es6ToEs3Util,2
com.google.javascript.jscomp.TypeMismatch,2
com.google.javascript.jscomp.AccessControlUtils,2
com.google.javascript.jscomp.Es6RewriteModulesToCommonJsModules,2
com.google.javascript.jscomp.lint.CheckArrayWithGoogObject,2
com.google.javascript.jscomp.SortingErrorManager,2
com.google.javascript.jscomp.ModuleRenaming,2
com.google.javascript.jscomp.RewriteJsonToModule,2
com.google.javascript.jscomp.modules.Binding,2
com.google.javascript.jscomp.transpile.CachingTranspiler,2
com.google.javascript.rhino.jstype.StaticTypedScope,2
com.google.javascript.rhino.jstype.SubtypeChecker,2
com.google.javascript.jscomp.UniqueIdSupplier,2
com.google.javascript.jscomp.parsing.parser.trees.FormalParameterListTree,2
com.google.javascript.jscomp.RewriteObjectSpread,2
com.google.javascript.jscomp.lint.CheckDefaultExportOfGoogModule,2
com.google.javascript.jscomp.serialization.JSTypeSerializer,2
com.google.javascript.jscomp.serialization.JsdocSerializer,2
com.google.javascript.jscomp.CheckMissingOverrideTypes,2
com.google.javascript.jscomp.disambiguate.Invalidation,2
com.google.javascript.jscomp.LocaleDataPasses,2
com.google.javascript.jscomp.disambiguate.AmbiguateProperties,2
com.google.javascript.jscomp.serialization.ColorPool,2
com.google.javascript.jscomp.ConvertChunksToESModules,2
com.google.javascript.jscomp.JSChunk,2
com.google.javascript.jscomp.CodingConventionAnnotator,1
com.google.javascript.jscomp.NodeTypeNormalizer,1
com.google.javascript.jscomp.VerboseMessageFormatter,1
com.google.javascript.jscomp.ChainableReverseAbstractInterpreter,1
com.google.javascript.jscomp.ClosureReverseAbstractInterpreter,1
com.google.javascript.jscomp.FunctionNames,1
com.google.javascript.jscomp.PotentialCheck,1
com.google.javascript.jscomp.PotentialCheckManager,1
com.google.javascript.jscomp.graph.GraphReachability,1
com.google.javascript.rhino.jstype.TernaryValue,1
com.google.javascript.jscomp.CodeChangeHandler,1
com.google.javascript.rhino.RhinoException,1
com.google.javascript.jscomp.Position,1
com.google.javascript.jscomp.FunctionInformationMapOrBuilder,1
com.google.javascript.jscomp.GoogleCodeRemoval,1
com.google.javascript.jscomp.SpecializationAwareCompilerPass,1
com.google.javascript.jscomp.AnonymousFunctionNamingCallback,1
com.google.javascript.jscomp.OptimizeCallGraph,1
com.google.javascript.jscomp.ObjectPropertyStringPreprocess,1
com.google.javascript.jscomp.jsonml.TagType,1
com.google.javascript.jscomp.jsonml.Validator,1
com.google.javascript.jscomp.CssRenamingMap,1
com.google.javascript.jscomp.JoinOp,1
com.google.javascript.rhino.Decompiler,1
com.google.javascript.rhino.Parser,1
com.google.debugging.sourcemap.SourceMapConsumerV2,1
com.google.javascript.jscomp.StrictWarningsGuard,1
com.google.javascript.jscomp.HotSwapCompilerPass,1
com.google.javascript.jscomp.CheckPropertyOrder,1
com.google.javascript.jscomp.MemoizedScopeCreator,1
com.google.debugging.sourcemap.FilePosition,1
com.google.javascript.jscomp.NameAnonymousFunctionsMapped,1
com.google.javascript.rhino.jstype.BooleanType,1
com.google.javascript.rhino.jstype.NullType,1
com.google.javascript.rhino.jstype.NumberType,1
com.google.javascript.rhino.jstype.StringType,1
com.google.javascript.jscomp.ant.Warning,1
com.google.debugging.sourcemap.SourceMapConsumerV1,1
com.google.debugging.sourcemap.SourceMapGeneratorV1,1
com.google.debugging.sourcemap.SourceMapSupplier,1
com.google.javascript.jscomp.AstParallelizer,1
com.google.javascript.jscomp.GoogleJsMessageIdGenerator,1
com.google.javascript.jscomp.PassFactory,1
com.google.javascript.jscomp.XtbMessageBundle,1
com.google.javascript.jscomp.jsonml.JsonMLAst,1
com.google.javascript.jscomp.webservice.common.Protocol,1
com.google.javascript.rhino.jstype.EquivalenceMethod,1
com.google.javascript.rhino.jstype.ParameterizedType,1
com.google.javascript.jscomp.graph.FixedPointGraphTraversal,1
com.google.javascript.jscomp.DotFormatter,1
com.google.javascript.jscomp.RenameVars2,1
com.google.javascript.jscomp.graph.AdjacencyGraph,1
com.google.javascript.rhino.jstype.NamespaceType,1
com.google.javascript.jscomp.fuzzing.Expression,1
com.google.javascript.jscomp.fuzzing.DiscreteDistribution,1
com.google.javascript.jscomp.fuzzing.SymbolTable,1
com.google.javascript.jscomp.fuzzing.Scope,1
com.google.javascript.jscomp.fuzzing.Type,1
com.google.javascript.jscomp.parsing.parser.trees.NullTree,1
com.google.javascript.jscomp.parsing.parser.trees.ClassExpressionTree,1
com.google.javascript.jscomp.parsing.parser.trees.YieldExpressionTree,1
com.google.javascript.jscomp.parsing.parser.trees.YieldStatementTree,1
com.google.javascript.jscomp.parsing.parser.trees.ExportDeclarationTree,1
com.google.javascript.jscomp.parsing.parser.trees.ExportSpecifierTree,1
com.google.javascript.jscomp.parsing.parser.trees.ModuleImportTree,1
com.google.javascript.jscomp.InstrumentMemoryAllocPass,1
com.google.javascript.jscomp.newtypes.ObjectKind,1
com.google.javascript.jscomp.parsing.parser.trees.Comment,1
com.google.javascript.jscomp.newtypes.TypeWithProperties,1
org.mozilla.javascript.ClassDefinitionException,1
org.mozilla.javascript.NotAFunctionException,1
org.mozilla.javascript.PropertyException,1
org.mozilla.javascript.xml.impl.xmlbeans.LogicalEquality,1
org.mozilla.javascript.xml.impl.xmlbeans.Namespace,1
org.mozilla.javascript.xml.impl.xmlbeans.NamespaceHelper,1
org.mozilla.javascript.xml.impl.xmlbeans.QName,1
org.mozilla.javascript.xml.impl.xmlbeans.XML,1
org.mozilla.javascript.xml.impl.xmlbeans.XMLCtor,1
org.mozilla.javascript.xml.impl.xmlbeans.XMLLibImpl,1
org.mozilla.javascript.xml.impl.xmlbeans.XMLList,1
org.mozilla.javascript.xml.impl.xmlbeans.XMLName,1
org.mozilla.javascript.xml.impl.xmlbeans.XMLObjectImpl,1
org.mozilla.javascript.xml.impl.xmlbeans.XMLWithScope,1
.Control,1
.Counter,1
.CounterTest,1
.DynamicScopes,1
.File,1
.Foo,1
.Matrix,1
.PrimitiveWrapFactory,1
.RunScript,1
.RunScript2,1
.RunScript3,1
.RunScript4,1
.Shell,1
org.mozilla.classfile.ByteCode,1
org.mozilla.classfile.ClassFileWriter,1
org.mozilla.classfile.ExceptionTableEntry,1
org.mozilla.classfile.ClassFileField,1
org.mozilla.classfile.ClassFileMethod,1
org.mozilla.classfile.ConstantPool,1
org.mozilla.classfile.FieldOrMethodRef,1
org.mozilla.classfile.SuperBlock,1
org.mozilla.classfile.TypeInfo,1
org.mozilla.javascript.Arguments,1
org.mozilla.javascript.BaseFunction,1
org.mozilla.javascript.BoundFunction,1
org.mozilla.javascript.Callable,1
org.mozilla.javascript.ClassCache,1
org.mozilla.javascript.ClassShutter,1
org.mozilla.javascript.CodeGenerator,1
org.mozilla.javascript.ConsString,1
org.mozilla.javascript.ConstProperties,1
org.mozilla.javascript.Context,1
org.mozilla.javascript.ContextAction,1
org.mozilla.javascript.ContextFactory,1
org.mozilla.javascript.ContextListener,1
org.mozilla.javascript.ContinuationPending,1
org.mozilla.javascript.DToA,1
org.mozilla.javascript.Decompiler,1
org.mozilla.javascript.DefaultErrorReporter,1
org.mozilla.javascript.DefiningClassLoader,1
org.mozilla.javascript.Delegator,1
org.mozilla.javascript.EcmaError,1
org.mozilla.javascript.ErrorReporter,1
org.mozilla.javascript.Evaluator,1
org.mozilla.javascript.EvaluatorException,1
org.mozilla.javascript.Function,1
org.mozilla.javascript.FunctionObject,1
org.mozilla.javascript.GeneratedClassLoader,1
org.mozilla.javascript.Icode,1
org.mozilla.javascript.IdFunctionCall,1
org.mozilla.javascript.IdFunctionObject,1
org.mozilla.javascript.IdScriptableObject,1
org.mozilla.javascript.ImporterTopLevel,1
org.mozilla.javascript.InterfaceAdapter,1
org.mozilla.javascript.InterpretedFunction,1
org.mozilla.javascript.InterpreterData,1
org.mozilla.javascript.JavaAdapter,1
org.mozilla.javascript.JavaMembers,1
org.mozilla.javascript.BeanProperty,1
org.mozilla.javascript.FieldAndMethods,1
org.mozilla.javascript.JavaScriptException,1
org.mozilla.javascript.Kit,1
org.mozilla.javascript.LazilyLoadedCtor,1
org.mozilla.javascript.MemberBox,1
org.mozilla.javascript.NativeBoolean,1
org.mozilla.javascript.NativeCall,1
org.mozilla.javascript.NativeContinuation,1
org.mozilla.javascript.NativeError,1
org.mozilla.javascript.NativeFunction,1
org.mozilla.javascript.NativeGenerator,1
org.mozilla.javascript.NativeIterator,1
org.mozilla.javascript.NativeJavaArray,1
org.mozilla.javascript.NativeJavaClass,1
org.mozilla.javascript.NativeJavaConstructor,1
org.mozilla.javascript.NativeJavaMethod,1
org.mozilla.javascript.ResolvedOverload,1
org.mozilla.javascript.NativeJavaObject,1
org.mozilla.javascript.NativeJavaPackage,1
org.mozilla.javascript.NativeJavaTopPackage,1
org.mozilla.javascript.NativeNumber,1
org.mozilla.javascript.NativeObject,1
org.mozilla.javascript.NativeScript,1
org.mozilla.javascript.NativeWith,1
org.mozilla.javascript.Node,1
org.mozilla.javascript.NodeTransformer,1
org.mozilla.javascript.ObjArray,1
org.mozilla.javascript.ObjToIntMap,1
org.mozilla.javascript.PolicySecurityController,1
org.mozilla.javascript.Ref,1
org.mozilla.javascript.RefCallable,1
org.mozilla.javascript.RegExpProxy,1
org.mozilla.javascript.RhinoException,1
org.mozilla.javascript.RhinoSecurityManager,1
org.mozilla.javascript.Script,1
org.mozilla.javascript.ScriptStackElement,1
org.mozilla.javascript.Scriptable,1
org.mozilla.javascript.ScriptableObject,1
org.mozilla.javascript.SecureCaller,1
org.mozilla.javascript.SecurityController,1
org.mozilla.javascript.SecurityUtilities,1
org.mozilla.javascript.SpecialRef,1
org.mozilla.javascript.Synchronizer,1
org.mozilla.javascript.Token,1
org.mozilla.javascript.TopLevel,1
org.mozilla.javascript.UintMap,1
org.mozilla.javascript.Undefined,1
org.mozilla.javascript.UniqueTag,1
org.mozilla.javascript.VMBridge,1
org.mozilla.javascript.WrapFactory,1
org.mozilla.javascript.WrappedException,1
org.mozilla.javascript.Wrapper,1
org.mozilla.javascript.ast.ArrayComprehension,1
org.mozilla.javascript.ast.ArrayComprehensionLoop,1
org.mozilla.javascript.ast.ArrayLiteral,1
org.mozilla.javascript.ast.Assignment,1
org.mozilla.javascript.ast.AstNode,1
org.mozilla.javascript.ast.AstRoot,1
org.mozilla.javascript.ast.Block,1
org.mozilla.javascript.ast.BreakStatement,1
org.mozilla.javascript.ast.CatchClause,1
org.mozilla.javascript.ast.Comment,1
org.mozilla.javascript.ast.ConditionalExpression,1
org.mozilla.javascript.ast.ContinueStatement,1
org.mozilla.javascript.ast.DestructuringForm,1
org.mozilla.javascript.ast.DoLoop,1
org.mozilla.javascript.ast.ElementGet,1
org.mozilla.javascript.ast.EmptyExpression,1
org.mozilla.javascript.ast.EmptyStatement,1
org.mozilla.javascript.ast.ErrorCollector,1
org.mozilla.javascript.ast.ErrorNode,1
org.mozilla.javascript.ast.ExpressionStatement,1
org.mozilla.javascript.ast.ForInLoop,1
org.mozilla.javascript.ast.ForLoop,1
org.mozilla.javascript.ast.FunctionCall,1
org.mozilla.javascript.ast.FunctionNode,1
org.mozilla.javascript.ast.GeneratorExpression,1
org.mozilla.javascript.ast.GeneratorExpressionLoop,1
org.mozilla.javascript.ast.IdeErrorReporter,1
org.mozilla.javascript.ast.IfStatement,1
org.mozilla.javascript.ast.InfixExpression,1
org.mozilla.javascript.ast.Jump,1
org.mozilla.javascript.ast.KeywordLiteral,1
org.mozilla.javascript.ast.Label,1
org.mozilla.javascript.ast.LabeledStatement,1
org.mozilla.javascript.ast.LetNode,1
org.mozilla.javascript.ast.Loop,1
org.mozilla.javascript.ast.Name,1
org.mozilla.javascript.ast.NewExpression,1
org.mozilla.javascript.ast.NodeVisitor,1
org.mozilla.javascript.ast.NumberLiteral,1
org.mozilla.javascript.ast.ObjectLiteral,1
org.mozilla.javascript.ast.ObjectProperty,1
org.mozilla.javascript.ast.ParenthesizedExpression,1
org.mozilla.javascript.ast.ParseProblem,1
org.mozilla.javascript.ast.PropertyGet,1
org.mozilla.javascript.ast.RegExpLiteral,1
org.mozilla.javascript.ast.ReturnStatement,1
org.mozilla.javascript.ast.Scope,1
org.mozilla.javascript.ast.ScriptNode,1
org.mozilla.javascript.ast.StringLiteral,1
org.mozilla.javascript.ast.SwitchCase,1
org.mozilla.javascript.ast.SwitchStatement,1
org.mozilla.javascript.ast.Symbol,1
org.mozilla.javascript.ast.ThrowStatement,1
org.mozilla.javascript.ast.TryStatement,1
org.mozilla.javascript.ast.UnaryExpression,1
org.mozilla.javascript.ast.VariableDeclaration,1
org.mozilla.javascript.ast.VariableInitializer,1
org.mozilla.javascript.ast.WhileLoop,1
org.mozilla.javascript.ast.WithStatement,1
org.mozilla.javascript.ast.XmlDotQuery,1
org.mozilla.javascript.ast.XmlElemRef,1
org.mozilla.javascript.ast.XmlExpression,1
org.mozilla.javascript.ast.XmlFragment,1
org.mozilla.javascript.ast.XmlLiteral,1
org.mozilla.javascript.ast.XmlMemberGet,1
org.mozilla.javascript.ast.XmlPropRef,1
org.mozilla.javascript.ast.XmlRef,1
org.mozilla.javascript.ast.XmlString,1
org.mozilla.javascript.ast.Yield,1
org.mozilla.javascript.commonjs.module.ModuleScope,1
org.mozilla.javascript.commonjs.module.ModuleScript,1
org.mozilla.javascript.commonjs.module.ModuleScriptProvider,1
org.mozilla.javascript.commonjs.module.Require,1
org.mozilla.javascript.commonjs.module.RequireBuilder,1
org.mozilla.javascript.commonjs.module.provider.CachingModuleScriptProviderBase,1
org.mozilla.javascript.commonjs.module.provider.DefaultUrlConnectionExpiryCalculator,1
org.mozilla.javascript.commonjs.module.provider.ModuleSource,1
org.mozilla.javascript.commonjs.module.provider.ModuleSourceProvider,1
org.mozilla.javascript.commonjs.module.provider.ModuleSourceProviderBase,1
org.mozilla.javascript.commonjs.module.provider.MultiModuleScriptProvider,1
org.mozilla.javascript.commonjs.module.provider.ParsedContentType,1
org.mozilla.javascript.commonjs.module.provider.SoftCachingModuleScriptProvider,1
org.mozilla.javascript.commonjs.module.provider.StrongCachingModuleScriptProvider,1
org.mozilla.javascript.commonjs.module.provider.UrlConnectionExpiryCalculator,1
org.mozilla.javascript.commonjs.module.provider.UrlConnectionSecurityDomainProvider,1
org.mozilla.javascript.commonjs.module.provider.UrlModuleSourceProvider,1
org.mozilla.javascript.debug.DebugFrame,1
org.mozilla.javascript.debug.DebuggableObject,1
org.mozilla.javascript.debug.DebuggableScript,1
org.mozilla.javascript.debug.Debugger,1
org.mozilla.javascript.jdk13.VMBridge_jdk13,1
org.mozilla.javascript.jdk15.VMBridge_jdk15,1
org.mozilla.javascript.json.JsonParser,1
org.mozilla.javascript.optimizer.Block,1
org.mozilla.javascript.optimizer.ClassCompiler,1
org.mozilla.javascript.optimizer.BodyCodegen,1
org.mozilla.javascript.optimizer.OptFunctionNode,1
org.mozilla.javascript.optimizer.OptTransformer,1
org.mozilla.javascript.optimizer.Optimizer,1
org.mozilla.javascript.regexp.NativeRegExp,1
org.mozilla.javascript.regexp.RECompiled,1
org.mozilla.javascript.regexp.RENode,1
org.mozilla.javascript.regexp.CompilerState,1
org.mozilla.javascript.regexp.REProgState,1
org.mozilla.javascript.regexp.REBackTrackData,1
org.mozilla.javascript.regexp.REGlobalData,1
org.mozilla.javascript.regexp.RECharSet,1
org.mozilla.javascript.regexp.NativeRegExpCtor,1
org.mozilla.javascript.regexp.RegExpImpl,1
org.mozilla.javascript.regexp.GlobData,1
org.mozilla.javascript.regexp.SubString,1
org.mozilla.javascript.serialize.ScriptableInputStream,1
org.mozilla.javascript.serialize.ScriptableOutputStream,1
org.mozilla.javascript.v8dtoa.CachedPowers,1
org.mozilla.javascript.v8dtoa.DiyFp,1
org.mozilla.javascript.v8dtoa.DoubleHelper,1
org.mozilla.javascript.v8dtoa.FastDtoa,1
org.mozilla.javascript.v8dtoa.FastDtoaBuilder,1
org.mozilla.javascript.xml.XMLLib,1
org.mozilla.javascript.xml.XMLObject,1
org.mozilla.javascript.tools.SourceReader,1
org.mozilla.javascript.tools.ToolErrorReporter,1
org.mozilla.javascript.tools.debugger.Dim,1
org.mozilla.javascript.tools.debugger.GuiCallback,1
org.mozilla.javascript.tools.debugger.Main,1
org.mozilla.javascript.tools.debugger.ScopeProvider,1
org.mozilla.javascript.tools.debugger.SourceProvider,1
org.mozilla.javascript.tools.debugger.SwingGui,1
org.mozilla.javascript.tools.debugger.MessageDialogWrapper,1
org.mozilla.javascript.tools.debugger.EvalTextArea,1
org.mozilla.javascript.tools.debugger.EvalWindow,1
org.mozilla.javascript.tools.debugger.JSInternalConsole,1
org.mozilla.javascript.tools.debugger.FilePopupMenu,1
org.mozilla.javascript.tools.debugger.FileTextArea,1
org.mozilla.javascript.tools.debugger.MoreWindows,1
org.mozilla.javascript.tools.debugger.FindFunction,1
org.mozilla.javascript.tools.debugger.FileHeader,1
org.mozilla.javascript.tools.debugger.FileWindow,1
org.mozilla.javascript.tools.debugger.MyTableModel,1
org.mozilla.javascript.tools.debugger.Evaluator,1
org.mozilla.javascript.tools.debugger.VariableModel,1
org.mozilla.javascript.tools.debugger.MyTreeTable,1
org.mozilla.javascript.tools.debugger.ContextWindow,1
org.mozilla.javascript.tools.debugger.Menubar,1
org.mozilla.javascript.tools.debugger.RunProxy,1
org.mozilla.javascript.tools.debugger.treetable.AbstractCellEditor,1
org.mozilla.javascript.tools.debugger.treetable.JTreeTable,1
org.mozilla.javascript.tools.debugger.treetable.TreeTableModel,1
org.mozilla.javascript.tools.debugger.treetable.TreeTableModelAdapter,1
org.mozilla.javascript.tools.idswitch.CodePrinter,1
org.mozilla.javascript.tools.idswitch.FileBody,1
org.mozilla.javascript.tools.idswitch.IdValuePair,1
org.mozilla.javascript.tools.idswitch.Main,1
org.mozilla.javascript.tools.idswitch.SwitchGenerator,1
org.mozilla.javascript.tools.jsc.Main,1
org.mozilla.javascript.tools.shell.ConsoleWrite,1
org.mozilla.javascript.tools.shell.ConsoleWriter,1
org.mozilla.javascript.tools.shell.ConsoleTextArea,1
org.mozilla.javascript.tools.shell.Environment,1
org.mozilla.javascript.tools.shell.Global,1
org.mozilla.javascript.tools.shell.Runner,1
org.mozilla.javascript.tools.shell.PipeThread,1
org.mozilla.javascript.tools.shell.JSConsole,1
org.mozilla.javascript.tools.shell.JavaPolicySecurity,1
org.mozilla.javascript.tools.shell.Main,1
org.mozilla.javascript.tools.shell.QuitAction,1
org.mozilla.javascript.tools.shell.SecurityProxy,1
org.mozilla.javascript.tools.shell.ShellConsole,1
org.mozilla.javascript.tools.shell.FlexibleCompletor,1
org.mozilla.javascript.tools.shell.ShellContextFactory,1
org.mozilla.javascript.tools.shell.ShellLine,1
org.mozilla.javascript.xmlimpl.Namespace,1
org.mozilla.javascript.xmlimpl.QName,1
org.mozilla.javascript.xmlimpl.XML,1
org.mozilla.javascript.xmlimpl.XMLCtor,1
org.mozilla.javascript.xmlimpl.XMLLibImpl,1
org.mozilla.javascript.xmlimpl.XMLList,1
org.mozilla.javascript.xmlimpl.XMLName,1
org.mozilla.javascript.xmlimpl.XMLObjectImpl,1
org.mozilla.javascript.xmlimpl.XMLWithScope,1
org.mozilla.javascript.xmlimpl.XmlNode,1
org.mozilla.javascript.xmlimpl.XmlProcessor,1
com.google.javascript.jscomp.parsing.parser.trees.AssignmentRestElementTree,1
com.google.javascript.jscomp.parsing.parser.trees.SpreadPatternElementTree,1
com.google.javascript.jscomp.Es6HandleDefaultParameters,1
com.google.javascript.jscomp.CheckNoSideEffectExternCalls,1
com.google.javascript.jscomp.Es6RewriteLetConst,1
com.google.javascript.jscomp.TransformEs6ModuleToCjsModule,1
com.google.javascript.jscomp.newtypes.NaivePersistentMap,1
com.google.javascript.jscomp.parsing.parser.trees.ObjectPatternFieldTree,1
com.google.javascript.jscomp.deps.DependencyFile,1
com.google.javascript.jscomp.deps.SourceCodeEscapers,1
com.google.javascript.jscomp.parsing.parser.util.LookaheadErrorReporter,1
com.google.javascript.jscomp.parsing.parser.util.MutedErrorReporter,1
com.google.debugging.sourcemap.SourceMapConsumerFactory,1
com.google.javascript.jscomp.fuzzing.AbstractFuzzer,1
com.google.javascript.jscomp.fuzzing.BreakFuzzer,1
com.google.javascript.jscomp.fuzzing.ContinueFuzzer,1
com.google.javascript.jscomp.fuzzing.Dispatcher,1
com.google.javascript.jscomp.fuzzing.ForFuzzer,1
com.google.javascript.jscomp.fuzzing.FunctionCallFuzzer,1
com.google.javascript.jscomp.fuzzing.FunctionFuzzer,1
com.google.javascript.jscomp.fuzzing.FuzzingContext,1
com.google.javascript.jscomp.fuzzing.IfFuzzer,1
com.google.javascript.jscomp.fuzzing.NumericFuzzer,1
com.google.javascript.jscomp.fuzzing.ReturnFuzzer,1
com.google.javascript.jscomp.fuzzing.SwitchFuzzer,1
com.google.javascript.jscomp.GatherCharacterEncodingBias,1
com.google.javascript.jscomp.MinimizedCondition,1
com.google.javascript.jscomp.NameGenerator,1
com.google.javascript.jscomp.ConvertDeclaredTypesToJSDoc,1
com.google.javascript.jscomp.lint.CheckJSDoc,1
com.google.javascript.jscomp.ConvertNewTypesToOld,1
com.google.javascript.jscomp.newtypes.TypeWithPropertiesStatics,1
com.google.javascript.jscomp.parsing.parser.trees.OptionalParameterTree,1
com.google.javascript.jscomp.parsing.parser.trees.TypedParameterTree,1
com.google.javascript.rhino.TypeDeclarationsIR,1
com.google.javascript.jscomp.lint.CheckForInOverArray,1
com.google.javascript.jscomp.parsing.parser.trees.ComputedPropertyGetterTree,1
com.google.javascript.jscomp.parsing.parser.trees.ComputedPropertySetterTree,1
com.google.javascript.jscomp.parsing.parser.trees.GetAccessorTree,1
com.google.javascript.jscomp.parsing.parser.trees.SetAccessorTree,1
com.google.javascript.jscomp.IdMappingUtil,1
com.google.javascript.jscomp.PropertyRenamingPolicy,1
com.google.javascript.jscomp.SourceExcerptProvider,1
com.google.javascript.refactoring.Scanner,1
com.google.javascript.jscomp.lint.CheckEmptyStatements,1
com.google.javascript.rhino.SimpleErrorReporter,1
com.google.javascript.jscomp.lint.CheckUselessBlocks,1
com.google.javascript.jscomp.newtypes.UniqueNameGenerator,1
com.google.javascript.jscomp.lint.CheckUnusedLabels,1
com.google.javascript.jscomp.ClosureCheckModuleImports,1
com.google.javascript.jscomp.CheckProvides,1
com.google.javascript.jscomp.lint.CheckPrimitiveAsObject,1
com.google.javascript.jscomp.parsing.parser.trees.NewTargetExpressionTree,1
com.google.javascript.jscomp.ResourceLoader,1
com.google.javascript.jscomp.parsing.parser.trees.RestParameterTree,1
com.google.debugging.sourcemap.SourceMappingReversable,1
com.google.javascript.jscomp.ReplacedStringsDecoder,1
com.google.javascript.jscomp.newtypes.FunctionNamespace,1
com.google.javascript.jscomp.debugger.CompilationParam,1
com.google.javascript.jscomp.Es6SplitVariableDeclarations,1
com.google.javascript.jscomp.Result,1
com.google.javascript.jscomp.deps.TranspilingClosureBundler,1
com.google.javascript.jscomp.PolymerPassErrors,1
java.util.ArrayDeque,1
com.google.javascript.jscomp.gwt.linker.MinimalLinker,1
com.google.javascript.jscomp.ConvertIIFEArgsToVars,1
com.google.javascript.jscomp.lint.CheckMissingSemicolon,1
com.google.debugging.sourcemap.Base64,1
com.google.javascript.jscomp.deps.LegacyModuleResolver,1
com.google.javascript.jscomp.DartSuperAccessorsPass,1
com.google.javascript.jscomp.Es6RenameReferences,1
com.google.javascript.jscomp.PeepholeSimplifyRegExp,1
com.google.javascript.jscomp.WhitespaceWrapGoogModules,1
com.google.javascript.rhino.FunctionTypeI,1
com.google.javascript.rhino.TypeI,1
com.google.javascript.jscomp.JscompHelpers,1
com.google.javascript.jscomp.ChangeVerifier,1
com.google.javascript.jscomp.newtypes.ToStringContext,1
com.google.javascript.jscomp.J2clAssertRemovalPass,1
com.google.javascript.jscomp.CoverageUtil,1
com.google.javascript.jscomp.SimpleInference,1
com.google.javascript.jscomp.newtypes.TypeParameters,1
com.google.javascript.jscomp.debugger.common.CompilationParam,1
com.google.javascript.jscomp.ijs.ClassUtil,1
com.google.javascript.jscomp.ijs.FileInfo,1
com.google.javascript.jscomp.ijs.JsdocUtil,1
com.google.javascript.jscomp.FileAwareWarningsGuard,1
com.google.javascript.jscomp.ijs.CheckTypeSummaryWarningsGuard,1
com.google.javascript.jscomp.ijs.CheckIjsWarningsGuard,1
com.google.javascript.jscomp.ScopedName,1
com.google.javascript.jscomp.SourceMapResolver,1
com.google.javascript.jscomp.lint.CheckRedundantNullabilityModifier,1
com.google.javascript.jscomp.Reference,1
com.google.javascript.jscomp.TypeMatchingStrategy,1
com.google.javascript.jscomp.deps.BrowserWithTransformedPrefixesModuleResolver,1
com.google.javascript.jscomp.deps.WebpackModuleResolver,1
com.google.javascript.jscomp.EsNextToEs8Converter,1
com.google.javascript.jscomp.CheckConstPrivateProperties,1
com.google.javascript.jscomp.ScopeCreator,1
com.google.javascript.jscomp.BasicErrorManager,1
com.google.javascript.jscomp.PrintStreamErrorManager,1
com.google.javascript.jscomp.PrintStreamErrorReportGenerator,1
com.google.javascript.jscomp.ForwardingCompiler,1
com.google.javascript.jscomp.RecordFunctionInformation,1
com.google.javascript.jscomp.RewriteGoogJsImports,1
com.google.javascript.rhino.CyclicSerializableLinkedHashSet,1
com.google.javascript.jscomp.DestructuringGlobalNameExtractor,1
com.google.javascript.jscomp.ZipEntryReader,1
com.google.javascript.jscomp.Es6CheckModule,1
com.google.javascript.jscomp.J2clChecksPass,1
com.google.javascript.jscomp.lint.CheckPrototypeProperties,1
com.google.javascript.jscomp.ijs.IjsErrors,1
com.google.javascript.jscomp.lint.RequiresFixer,1
com.google.javascript.jscomp.lint.CheckProvidesSorted,1
com.google.javascript.jscomp.lint.CheckRequiresSorted,1
com.google.javascript.rhino.StaticScope,1
com.google.javascript.jscomp.graph.Annotatable,1
com.google.javascript.jscomp.modules.NonEsModuleProcessor,1
com.google.javascript.jscomp.GatherGetterAndSetterProperties,1
com.google.javascript.jscomp.GatherGettersAndSetterProperties,1
com.google.javascript.jscomp.gwt.client.Util,1
com.google.javascript.jscomp.transpile.TranspilerBuilder,1
com.google.javascript.jscomp.lint.CheckNoMutatedEs6Exports,1
com.google.javascript.jscomp.DestructuredTarget,1
com.google.javascript.jscomp.JsIterables,1
com.google.javascript.rhino.jstype.TemplateTypeReplacer,1
com.google.javascript.jscomp.type.Outcome,1
com.google.javascript.jscomp.type.ReverseAbstractInterpreter,1
com.google.javascript.jscomp.ConformancePassConfig,1
com.google.javascript.jscomp.GuardedCallback,1
com.google.javascript.jscomp.PeepholeReplaceArrayOf,1
com.google.javascript.jscomp.PolyfillFindingCallback,1
com.google.javascript.refactoring.ScriptMetadata,1
com.google.javascript.jscomp.CheckMissingRequires,1
com.google.javascript.jscomp.lint.CheckConstantCaseNames,1
com.google.javascript.jscomp.parsing.parser.trees.ArgumentListTree,1
com.google.javascript.jscomp.DefaultExterns,1
com.google.javascript.rhino.jstype.BigIntType,1
com.google.javascript.jscomp.Timeline,1
com.google.javascript.jscomp.instrumentation.CoverageInstrumentationPass,1
com.google.javascript.jscomp.deps.JsFileFullParser,1
com.google.javascript.jscomp.AllowlistWarningsGuard,1
com.google.javascript.jscomp.disambiguate.TypeGraphBuilder,1
com.google.javascript.jscomp.ReferenceCollector,1
com.google.javascript.jscomp.colors.ColorRegistry,1
com.google.javascript.jscomp.disambiguate.DisambiguateProperties,1
com.google.javascript.jscomp.disambiguate.PropertyClustering,1
com.google.javascript.jscomp.disambiguate.UseSiteRenamer,1
com.google.javascript.jscomp.disambiguate.ColorFindPropertyReferences,1
com.google.javascript.jscomp.ReplaceMessagesForChrome,1
com.google.javascript.jscomp.RewriteOptionalChainingOperator,1
com.google.javascript.jscomp.serialization.SerializeTypedAstPass,1
com.google.javascript.rhino.RhinoStringPool,1
com.google.javascript.jscomp.serialization.ColorSerializer,1
com.google.javascript.jscomp.serialization.JSTypeReconserializer,1
com.google.javascript.jscomp.graph.DiGraph,1
com.google.javascript.jscomp.lint.CheckConstPrivateProperties,1
com.google.javascript.jscomp.lint.CheckGoogModuleTypeScriptName,1
com.google.javascript.rhino.jstype.Property,1
com.google.javascript.jscomp.deps.DependencyInfo,1
com.google.javascript.jscomp.serialization.JSDocSerializer,1
com.google.javascript.rhino.Msg,1
com.google.javascript.jscomp.ReportUntranspilableFeatures,1
com.google.javascript.jscomp.Es6RenameTypeReferences,1
com.google.javascript.jscomp.ConcretizeStaticInheritanceForInlining,1
com.google.javascript.jscomp.CrossChunkCodeMotion,1
com.google.javascript.jscomp.CrossChunkMethodMotion,1
com.google.javascript.jscomp.DevirtualizeMethods,1
com.google.javascript.jscomp.JSChunkGraph,1
com.google.javascript.jscomp.ReplaceToggles,1
com.google.javascript.refactoring.examples.GoogBindToArrow,1
com.google.javascript.jscomp.ReferenceCollection,1
com.google.javascript.jscomp.RemovePropertyRenamingCalls,1
com.google.javascript.rhino.HamtPMap,1
